Employer Name,Employer ID,Password,Role
Joseph Clark,EMP-133065,9a6Q7GO4od3d,hr
Steven Martinez,EMP-218289,7K1ty2h@,marketing
Kevin Martin,EMP-298449,0Wyd1ZMt1,finance
William Johnson,EMP-677091,GZvNP5GOurp,engineering
Kimberly Hernandez,EMP-941733,oycdH$axRYe,general
Amanda Scott,EMP-350789,XbnIjVflNV,finance
Margaret King,EMP-953070,Fzivd!rJNn,hr
Patricia Lewis,EMP-208925,ie#LE@vjFRg,marketing
Melissa Davis,EMP-520219,@ahO8FIA,general
Carol Nguyen,EMP-481002,y0wh$b#lmR,finance
Carol Flores,EMP-736028,D#plZXL%8E,marketing
Donna Davis,EMP-228443,N@y@g15ILNh,hr
Joseph Martin,EMP-368854,x$@7BOr%gL,hr
George Martinez,EMP-625712,Bj3YFcch,finance
William White,EMP-481018,1FB@2J44M5%,marketing
Brian Smith,EMP-733238,3aN6khi7Q3cR,hr
Michael Martin,EMP-109644,ZGLQqOwpK,finance
Melissa Hernandez,EMP-394565,SAQX46Qq,hr
Brian White,EMP-260731,Et$naAEkbVU,hr
John Martin,EMP-938215,u!61gSbLCk7b,finance
Steven Robinson,EMP-877873,%5v52YIy,hr
Karen Scott,EMP-732570,7ZtJIB4Ktg,general
Susan Lee,EMP-287922,f2a!t0mFj1V,engineering
Betty Williams,EMP-785860,Hjcuj%ALeWM,engineering
Michelle Sanchez,EMP-220773,6IIecxa17C,finance
Brian Rodriguez,EMP-754827,aWAPgsBme,general
Brian Lopez,EMP-406261,ZxuPYsi0dKnp,engineering
Anthony Sanchez,EMP-202518,J7g6$edtPN,engineering
Edward Wilson,EMP-241150,1!A1oWdPoCt,marketing
Daniel Miller,EMP-629062,0uYL9VEbRzhl,marketing
Kimberly Nguyen,EMP-223172,G@L$4Zda,hr
Paul Ramirez,EMP-974699,b2ZXP09Cn34,general
Jennifer Garcia,EMP-759901,vI$0lbw552Tj,engineering
Joseph Hill,EMP-808225,qhd3OnFZ$,finance
Mark Gonzalez,EMP-432616,U7PRBqOo,marketing
Paul Robinson,EMP-154570,McXFNFkGAb,general
Melissa Gonzalez,EMP-366763,6hn3fI$obDS,finance
Lisa Lewis,EMP-735321,0XgM1Wf74@,hr
Anthony Allen,EMP-418289,8eh@DrKnORN6,finance
Mark Johnson,EMP-843835,HViFlIrSBj3,engineering
Elizabeth Hernandez,EMP-786394,7AApuC!YFA,marketing
Thomas Allen,EMP-470271,SO@m#VwkuL,hr
Matthew Wright,EMP-868168,lBd#xxYz@i4$,finance
Matthew Clark,EMP-947604,GD3tmFmrE,finance
Ashley Jones,EMP-852008,6A2V9tIbsnh,finance
Joshua Garcia,EMP-475238,SUfiiHRh,finance
Dorothy Hill,EMP-215758,uyXcCO#H,general
Michelle Miller,EMP-884284,2m6yRx5B%,hr
Richard Sanchez,EMP-866142,YQ!F3Woe,finance
Ashley Wright,EMP-905841,JnfNJpf@f,hr
Joseph Clark,EMP-143050,ajMh56RN6,engineering
Linda Scott,EMP-560054,tVPMcqrj,engineering
Michelle Rodriguez,EMP-112925,ATl@F7jt4FM%,finance
Andrew Perez,EMP-725708,l8fALBMv0yz,engineering
Mark Perez,EMP-951125,ckU3SHKpcLl,finance
William King,EMP-743429,ilyevu7je,marketing
George Williams,EMP-919046,X7nWbWgy%,engineering
Amanda Brown,EMP-806170,6JfXjFJ7gks0,finance
David Gonzalez,EMP-356674,x8dZAdX0t,engineering
Lisa Nguyen,EMP-765028,Dqur!Ovcevj,marketing
James Davis,EMP-105578,$NdZcsOmEt,marketing
Barbara Clark,EMP-486061,m@zLWNiOTh,engineering
William Johnson,EMP-917861,Y#RBwm8K,hr
William Taylor,EMP-118464,JzCbhyJVddox,marketing
Emily Wilson,EMP-496479,n6UAZnX2WZQZ,general
Dorothy Young,EMP-347404,dfEVVESX,general
Dorothy Rodriguez,EMP-711429,Q5A1h@ZN15@,hr
Matthew Moore,EMP-557659,W4O0Mfq#S92,marketing
Nancy Martinez,EMP-400440,UzBOxU!D,general
Emily Jones,EMP-137687,bstz47avPbe,finance
Lisa Smith,EMP-321742,E%jM1Wjyj,general
Carol Johnson,EMP-673365,cCiQVhtOW,finance
Steven Torres,EMP-113735,vNBRn0J1i,finance
Melissa Walker,EMP-812692,o29F%OJwgJU,engineering
Susan Miller,EMP-276111,t$wBZv6aN#,marketing
Susan Allen,EMP-497888,JZKsW8om,finance
Sandra Perez,EMP-722988,@ht9RTbk,finance
Jessica Nguyen,EMP-381379,iIE%aorBa3,engineering
Emily Thomas,EMP-407504,6xa6Bk2l8W,marketing
Lisa Jackson,EMP-274896,6TnScfxYJ,engineering
Betty Lewis,EMP-148577,Fl5P#s6on1s,marketing
Jennifer Lee,EMP-326900,eB#GsaIkD,finance
Melissa Hernandez,EMP-549464,rO#np1tqM,finance
Sandra Davis,EMP-145337,lYEbf%wC,hr
Deborah Miller,EMP-153358,webyqlRAkd,marketing
Amanda Hill,EMP-279654,7XRSurVsWq,marketing
Lisa Flores,EMP-524300,s%t7j2mi794O,marketing
Richard Jackson,EMP-941451,6%vt0#g8CFH,engineering
Linda Johnson,EMP-775401,vYcJLX@MVO,engineering
William Torres,EMP-246371,ALMl2U4n0c%,marketing
Christopher Young,EMP-291716,r2Yw!fqAU,general
Daniel Garcia,EMP-684713,NthwM$54VNez,marketing
Mark Thompson,EMP-600353,DoC6sAFZ,engineering
Mark Taylor,EMP-439569,W#1$dwcfZmeC,marketing
Kenneth Perez,EMP-554588,iv$FVXj%c7,finance
David Thomas,EMP-993684,1o$V#jDu,engineering
James Robinson,EMP-581859,Mo5tE0lv,finance
Patricia Wilson,EMP-921639,Y3GLv!IU,marketing
Patricia Gonzalez,EMP-794636,#1LRt7IEc!F,hr
Melissa Thompson,EMP-692572,pv8O9AgcnTj,marketing
